"Subject","Course Number","Department(s)","Course Title","Credits - Units - Minimum Units","Credits - Units - Maximum Units","Terms Offered","Course Description","Cross-Listed Course(s)","Repeat Rules","Repeat Rule: Special Circumstances","Offering Information","Offering Details","Additional Offering Information"
"COMPSCI","10","Electrical Engineering and Computer Sciences","The Beauty and Joy of Computing","4","4","-","An introductory course for students with minimal prior exposure to computer science. Prepares students for future computer science courses and empowers them to utilize programming to solve problems in their field of study. Presents an overview of the history, great principles, and transformative applications of computer science, as well as a comprehensive introduction to programming. Topics include abstraction, recursion, algorithmic complexity, higher-order functions, concurrency, social implications of computing (privacy, education, algorithmic bias), and engaging research areas (data science, AI, HCI). Students will program in Snap! (a friendly graphical language) and Python, and will design and implement two projects of their choice.","-","Course is not repeatable for credit.","-","-","-","-"
"COMPSCI","36","Electrical Engineering and Computer Sciences","CS Scholars Seminar: The Educational Climate in CS & CS61A technical discussions","2","2","-","Computer Science 36 is a seminar for CS Scholars who are concurrently taking CS61A: The Structure and Interpretation of Computer Programs. CS Scholars is a cohort-model program to provide support in exploring and potentially declaring a CS major for students with little to no computational background prior to coming to the university.   CS 36 provides an introduction to the CS curriculum at UC Berkeley, and the overall CS landscape in both industry and academia—through the lens of accessibility and its relevance to diversity. Additionally, CS36 provides technical instruction to review concepts in CS61A, in order to support CS Scholars’ individual learning and success in the CS61A course.","-","Course is not repeatable for credit.","-","-","-","-"
"COMPSCI","39","Electrical Engineering and Computer Sciences","Freshman/Sophomore Seminar","1.5","2","-","Freshman and sophomore seminars offer lower division students the opportunity to explore an intellectual topic with a faculty member and a group of peers in a small-seminar setting. These seminars are offered in all campus departments; topics vary from department to department and from semester to semester. Enrollment limits are set by the faculty, but the suggested limit is 25. ","-","Course may be repeated for credit when topic changes.","-","-","-","-"
"COMPSCI","47A","Electrical Engineering and Computer Sciences","Completion of Work in Computer Science 61A","1","1","-","Implementation of generic operations. Streams and iterators. Implementation techniques for supporting functional, object-oriented, and constraint-based programming in the Scheme programming language. Together with 9D, 47A constitutes an abbreviated, self-paced version of 61A for students who have already taken a course equivalent to 61B. ","-","Course is not repeatable for credit.","-","-","-","-"
"COMPSCI","47B","Electrical Engineering and Computer Sciences","Completion of Work in Computer Science 61B","1","1","-","Iterators. Hashing, applied to strings and multi-dimensional structures. Heaps. Storage management. Design and implementation of a program containing hundreds of lines of code. Students who have completed a portion of the subject matter of COMPSCI 61B may, with consent of instructor, complete COMPSCI 61B in this self-paced course.  Please note that students in the College of Engineering are required to receive additional permission from the College as well as the EECS department for the course to count in place of COMPSCI 61B.","-","Course is not repeatable for credit.","-","-","-","-"
"COMPSCI","47C","Electrical Engineering and Computer Sciences","Completion of Work in Computer Science 61C","1","1","-","MIPS instruction set simulation. The assembly and linking process. Caches and virtual memory. Pipelined computer organization. Students with sufficient partial credit in 61C may, with consent of instructor, complete the credit in this self-paced course. ","-","Course is not repeatable for credit.","-","-","-","-"
"COMPSCI","61A","Electrical Engineering and Computer Sciences","The Structure and Interpretation of Computer Programs","4","4","-","An introduction to programming and computer science focused on abstraction techniques as means to manage program complexity. Techniques include procedural abstraction; control abstraction using recursion, higher-order functions, generators, and streams; data abstraction using interfaces, objects, classes, and generic operators; and language abstraction using interpreters and macros. The course exposes students to programming paradigms, including functional, object-oriented, and declarative approaches. It includes an introduction to asymptotic analysis of algorithms. There are several significant programming projects.","-","Course is not repeatable for credit.","-","-","-","-"
"COMPSCI","61B","Electrical Engineering and Computer Sciences","Data Structures","4","4","-","Fundamental dynamic data structures, including linear lists, queues, trees, and other linked structures; arrays strings, and hash tables. Storage management. Elementary principles of software engineering. Abstract data types. Algorithms for sorting and searching. Introduction to the Java programming language. ","-","Course is not repeatable for credit.","-","-","-","-"
"COMPSCI","61BL","Electrical Engineering and Computer Sciences","Data Structures and Programming Methodology","4","4","-","The same material as in 61B, but in a laboratory-based format. ","-","Course is not repeatable for credit.","-","-","-","-"
"COMPSCI","61C","Electrical Engineering and Computer Sciences","Great Ideas of Computer Architecture (Machine Structures)","4","4","-","The internal organization and operation of digital computers. Machine architecture, support for high-level languages (logic, arithmetic, instruction sequencing) and operating systems (I/O, interrupts, memory management, process switching). Elements of computer logic design. Tradeoffs involved in fundamental architectural design decisions.","-","Course is not repeatable for credit.","-","-","-","-"
"COMPSCI","70","Electrical Engineering and Computer Sciences","Discrete Mathematics and Probability Theory","4","4","-","Logic, infinity, and induction; applications include undecidability and stable marriage problem. Modular arithmetic and GCDs; applications include primality testing and cryptography. Polynomials; examples include error correcting codes and interpolation. Probability including sample spaces, independence, random variables, law of large numbers; examples include load balancing, existence arguments, Bayesian inference.","-","Course is not repeatable for credit.","-","-","-","-"
"COMPSCI","84","Electrical Engineering and Computer Sciences","Sophomore Seminar","1","2","-","Sophomore seminars are small interactive courses offered by faculty members in departments all across the campus. Sophomore seminars offer opportunity for close, regular intellectual contact between faculty members and students in the crucial second year. The topics vary from department to department and semester to semester. Enrollment limited to 15 sophomores. ","-","Course may be repeated for credit when topic changes.","-","-","-","-"
"COMPSCI","150","Electrical Engineering and Computer Sciences","Components and Design Techniques for Digital Systems","5","5","-","Basic building blocks and design methods to contruct synchronous digital systems, such as general purpose processors, hardware accelerators, and application specific processors. Representations and design methodologies for digital systems. Logic design using combinatorial and sequential circuits. Digital system implementation considering hardware descriptions languages, computer-aided design tools, field-programmable gate array architectures, and CMOS logic gates and state elements. Interfaces between peripherals, processor hardware, and software. Formal hardware laboratories and substantial design project.","-","Course is not repeatable for credit.","-","-","-","-"
"COMPSCI","152","Electrical Engineering and Computer Sciences","Computer Architecture and Engineering","4","4","-","Instruction set architecture, microcoding, pipelining (simple and complex). Memory hierarchies and virtual memory. Processor parallelism: VLIW, vectors, multithreading. Multiprocessors.","-","Course is not repeatable for credit.","-","-","-","-"
"COMPSCI","160","Electrical Engineering and Computer Sciences","User Interface Design and Development","4","4","-","The design, implementation, and evaluation of user interfaces. User-centered design and task analysis. Conceptual models and interface metaphors. Usability inspection and evaluation methods. Analysis of user study data. Input methods (keyboard, pointing, touch, tangible) and input models. Visual design principles. Interface prototyping and implementation methodologies and tools. Students will develop a user interface for a specific task and target user group in teams. ","-","Course is not repeatable for credit.","-","-","-","-"
"COMPSCI","161","Electrical Engineering and Computer Sciences","Computer Security","4","4","-","Introduction to computer security. Cryptography, including encryption, authentication, hash functions, cryptographic protocols, and applications. Operating system security, access control. Network security, firewalls, viruses, and worms. Software security, defensive programming, and language-based security. Case studies from real-world systems. ","-","Course is not repeatable for credit.","-","-","-","-"
"COMPSCI","162","Electrical Engineering and Computer Sciences","Operating Systems and System Programming","4","4","-","Basic concepts of operating systems and system programming. Utility programs, subsystems, multiple-program systems. Processes, interprocess communication, and synchronization. Memory allocation, segmentation, paging. Loading and linking, libraries. Resource allocation, scheduling, performance evaluation. File systems, storage devices, I/O systems. Protection, security, and privacy. ","-","Course is not repeatable for credit.","-","-","-","-"
"COMPSCI","164","Electrical Engineering and Computer Sciences","Programming Languages and Compilers","4","4","-","Survey of programming languages. The design of modern programming languages. Principles and techniques of scanning, parsing, semantic analysis, and code generation. Implementation of compilers, interpreters, and assemblers. Overview of run-time organization and error handling. ","-","Course is not repeatable for credit.","-","-","-","-"
"COMPSCI","168","Electrical Engineering and Computer Sciences","Introduction to the Internet: Architecture and Protocols","4","4","-","This course is an introduction to the Internet architecture. We will focus on the concepts and fundamental design principles that have contributed to the Internet's scalability and robustness and survey the various protocols and algorithms used within this architecture. Topics include layering, addressing, intradomain routing, interdomain routing, reliable delivery, congestion control, and the core protocols (e.g., TCP, UDP, IP, DNS, and HTTP) and network technologies (e.g., Ethernet, wireless).","-","Course is not repeatable for credit.","-","-","-","-"
"COMPSCI","169A","Electrical Engineering and Computer Sciences","Introduction to Software Engineering","4","4","-","Ideas and techniques for designing, developing, and modifying large software systems. Service-oriented architecture, behavior-driven design with user stories, cloud computing, test-driven development, automated testing, cost and quality metrics for maintainability and effort estimation, practical performance and security in software operations, design patterns and refactoring, specification and documentation, agile project team organization and management.","-","Course is not repeatable for credit.","-","-","-","-"
"COMPSCI","169L","Electrical Engineering and Computer Sciences","Software Engineering Team Project","4","4","-","Open-ended design project enhancing or creating software for real customers in an agile team setting. Teamwork coordination, effective customer meetings, pre- and post-iteration team meetings, running scrums and standups, technical communication. Contributing as a team to an open-source project; tools and workflows associated with open source collaboration, including fork-and-pull, rebase, upstream merge, continuous deployment & integration.","-","Course is not repeatable for credit.","-","-","-","-"
"COMPSCI","170","Electrical Engineering and Computer Sciences","Efficient Algorithms and Intractable Problems","4","4","-","Concept and basic techniques in the design and analysis of algorithms; models of computation; lower bounds; algorithms for optimum search trees, balanced trees and UNION-FIND algorithms; numerical and algebraic algorithms; combinatorial algorithms. Turing machines, how to count steps, deterministic and nondeterministic Turing machines, NP-completeness. Unsolvable and intractable problems. ","-","Course is not repeatable for credit.","-","-","-","-"
"COMPSCI","171","Electrical Engineering and Computer Sciences","Cryptography","4","4","-","Cryptography or cryptology is the science of designing algorithms and protocols for enabling parties to communicate and compute securely in an untrusted environment (e.g. secure communication, digital signature, etc.) Over the last four decades, cryptography has transformed from an ad hoc collection of mysterious tricks into a rigorous science based on firm complexity-theoretic foundations.  This modern complexity-theoretic approach to cryptography will be the focus. E.g., in the context of encryption we will begin by giving a precise mathematical definition for what it means to be a secure encryption scheme and then give a construction (realizing this security notion) assuming various computational hardness assumptions (e.g. factoring). ","-","Course is not repeatable for credit.","-","-","-","-"
"COMPSCI","172","Electrical Engineering and Computer Sciences","Computability and Complexity","4","4","-","Finite automata, Turing machines and RAMs. Undecidable, exponential, and polynomial-time problems. Polynomial-time equivalence of all reasonable models of computation. Nondeterministic Turing machines. Theory of NP-completeness: Cook's theorem, NP-completeness of basic problems. Selected topics in language theory, complexity and randomness. ","-","Course is not repeatable for credit.","-","-","-","-"
"COMPSCI","174","Electrical Engineering and Computer Sciences","Combinatorics and Discrete Probability","4","4","-","Permutations, combinations, principle of inclusion and exclusion, generating functions, Ramsey theory. Expectation and variance, Chebychev's inequality, Chernov bounds. Birthday paradox, coupon collector's problem, Markov chains and entropy computations, universal hashing, random number generation, random graphs and probabilistic existence bounds. ","-","Course is not repeatable for credit.","-","-","-","-"
"COMPSCI","176","Electrical Engineering and Computer Sciences","Algorithms for Computational Biology","4","4","-","Algorithms and probabilistic models that arise in various computational biology applications: suffix trees, suffix arrays, pattern matching, repeat finding, sequence alignment, phylogenetics, genome rearrangements, hidden Markov models, gene finding, motif finding, stochastic context free grammars, RNA secondary structure. There are no biology prerequisites for this course, but a strong quantitative background will be essential. ","-","Course is not repeatable for credit.","-","-","-","-"
"COMPSCI","180","Electrical Engineering and Computer Sciences","Intro to Computer Vision and Computational Photography","4","4","-","This advanced undergraduate course introduces students to computing with visual data (images and video). We will cover acquisition, representation, and manipulation of visual information from digital photographs (image processing), image analysis and visual understanding (computer vision), and image synthesis (computational photography). Key algorithms will be presented, ranging from classical to contemporary, with an emphasis on using these techniques to build practical systems. The hands-on emphasis will be reflected in the programming assignments, where students will acquire their own images and develop, largely from scratch, image analysis and synthesis tools for real-world applications.","-","Course is not repeatable for credit.","-","-","-","-"
"COMPSCI","184","Electrical Engineering and Computer Sciences","Foundations of Computer Graphics","4","4","-","A broad introduction to the fundamentals of computer graphics. The main areas covered are modeling, rendering, animation and imaging. Topics include 2D and 3D transformations, drawing to raster displays, sampling, texturing, antialiasing, geometric modeling, ray tracing and global illumination, animation, cameras, image processing and computational imaging. There will be an emphasis on mathematical and geometric aspects of graphics, and the ability to write complete 3D graphics programs.","-","Course is not repeatable for credit.","-","-","-","-"
"COMPSCI","185","Electrical Engineering and Computer Sciences","Deep Reinforcement Learning, Decision Making, and Control","3","3","-","This course will cover the intersection of control, reinforcement learning, and deep learning. This course will provide an advanced treatment of the reinforcement learning formalism, the most critical model-free reinforcement learning algorithms (policy gradients, value function and Q-function learning, and actor-critic), a discussion of model-based reinforcement learning algorithms, an overview of imitation learning, and a range of advanced topics, including exploration, model-based learning with video prediction, transfer learning, multi-task learning, and meta-learning. Homework assignments will cover imitation learning, policy gradients, Q-learning, and model-based reinforcement learning, as well as a final project. ","-","Course is not repeatable for credit.","-","-","-","-"
"COMPSCI","186","Electrical Engineering and Computer Sciences","Introduction to Database Systems","4","4","-","Access methods and file systems to facilitate data access. Hierarchical, network, relational, and object-oriented data models. Query languages for models. Embedding query languages in programming languages. Database services including protection, integrity control, and alternative views of data. High-level interfaces including application generators, browsers, and report writers. Introduction to transaction processing. Database system implementation to be done as term project. ","-","Course is not repeatable for credit.","-","-","-","-"
"COMPSCI","188","Electrical Engineering and Computer Sciences","Introduction to Artificial Intelligence","4","4","-","Ideas and techniques underlying the design of intelligent computer systems. Topics include search, game playing, knowledge representation, inference, planning, reasoning under uncertainty, machine learning, robotics, perception, and language understanding.","-","Course is not repeatable for credit.","-","-","-","-"
"COMPSCI","189","Electrical Engineering and Computer Sciences","Introduction to Machine Learning","4","4","-","Theoretical foundations, algorithms, methodologies, and applications for machine learning. Topics may include supervised methods for regression and classication (linear models, trees, neural networks, ensemble methods, instance-based methods); generative and discriminative probabilistic models; Bayesian parametric learning; density estimation and clustering; Bayesian networks; time series models; dimensionality reduction; programming projects covering a variety of real-world applications. ","-","Course is not repeatable for credit.","-","-","-","-"
"COMPSCI","194","Electrical Engineering and Computer Sciences","Special Topics","1","4","-","Topics will vary semester to semester. See the Computer Science Division announcements. ","-","Course may be repeated for credit when topic changes.","-","-","-","-"
"COMPSCI","195","Electrical Engineering and Computer Sciences","Social Implications of Computer Technology","1","1","-","Topics include electronic community; the changing nature of work; technological risks; the information economy; intellectual property; privacy; artificial intelligence and the sense of self; pornography and censorship; professional ethics. Students will lead discussions on additional topics.","-","Course is not repeatable for credit.","-","-","-","-"
"COMPSCI","197","Electrical Engineering and Computer Sciences","Field Study","1","4","-","Students take part in organized individual field sponsored programs with off-campus companies or tutoring/mentoring relevant to specific aspects and applications of computer science on or off campus. Note Summer CPT or OPT students: written report required. Course does not count toward major requirements, but will be counted in the cumulative units toward graduation.","-","Course may be repeated for credit without restriction.","-","-","-","-"
"COMPSCI","198","Electrical Engineering and Computer Sciences","Directed Group Studies for Advanced Undergraduates","1","4","-","Group study of selected topics in Computer Sciences, usually relating to new developments.","-","Course may be repeated for credit without restriction.","-","-","-","-"
"COMPSCI","199","Electrical Engineering and Computer Sciences","Supervised Independent Study","1","4","-","Supervised independent study. Enrollment restrictions apply.","-","Course may be repeated for credit without restriction.","-","-","-","-"
"COMPSCI","250","Electrical Engineering and Computer Sciences","VLSI Systems Design","4","4","-","Unified top-down and bottom-up design of integrated circuits and systems concentrating on architectural and topological issues. VLSI architectures, systolic arrays, self-timed systems. Trends in VLSI development. Physical limits. Tradeoffs in custom-design, standard cells, gate arrays. VLSI design tools. ","-","Course is not repeatable for credit.","-","-","-","-"
"COMPSCI","252A","Electrical Engineering and Computer Sciences","Graduate Computer Architecture","4","4","-","Graduate survey of contemporary computer organizations covering: early systems, CPU design, instruction sets, control, processors, busses, ALU, memory, I/O interfaces, connection networks, virtual memory, pipelined computers, multiprocessors, and case studies. Term paper or project is required. ","-","Course is not repeatable for credit.","-","-","-","-"
"COMPSCI","260A","Electrical Engineering and Computer Sciences","User Interface Design and Development","4","4","-","The design, implementation, and evaluation of user interfaces. User-centered design and task analysis. Conceptual models and interface metaphors. Usability inspection and evaluation methods. Analysis of user study data. Input methods (keyboard, pointing, touch, tangible) and input models. Visual design principles. Interface prototyping and implementation methodologies and tools. Students will develop a user interface for a specific task and target user group in teams.","-","Course is not repeatable for credit.","-","-","-","-"
"COMPSCI","260B","Electrical Engineering and Computer Sciences","Human-Computer Interaction Research","3","3","-","This course is a broad introduction to conducting research in Human-Computer Interaction. Students will become familiar with seminal and recent literature; learn to review and critique research papers; re-implement and evaluate important existing systems; and gain experience in conducting research. Topics include input devices, computer-supported cooperative work, crowdsourcing, design tools, evaluation methods, search and mobile interfaces, usable security, help and tutorial systems. ","-","Course is not repeatable for credit.","-","-","-","-"
"COMPSCI","260M","Electrical Engineering and Computer Sciences","User Interface Design and Development","4","4","-","The design, implementation, and evaluation of user interfaces. User-centered design and task analysis. Conceptual models and interface metaphors. Usability inspection and evaluation methods. Analysis of user study data. Input methods (keyboard, pointing, touch, tangible) and input models. Visual design principles. Interface prototyping and implementation methodologies and tools. Students will develop a user interface for a specific task and target user group in teams.","-","-","-","-","-","-"
"COMPSCI","261","Electrical Engineering and Computer Sciences","Security in Computer Systems","3","3","-","Graduate survey of modern topics in computer security, including protection, access control, distributed access security, firewalls, secure coding practices, safe languages, mobile code, and case studies from real-world systems. May also cover cryptographic protocols, privacy and anonymity, and/or other topics as time permits. ","-","Course is not repeatable for credit.","-","-","-","-"
"COMPSCI","261N","Electrical Engineering and Computer Sciences","Internet and Network Security","4","4","-","Develops a thorough grounding in Internet and network security suitable for those interested in conducting research in the area or those more broadly interested in security or networking. Potential topics include denial-of-service; capabilities; network intrusion detection/prevention; worms; forensics; scanning; traffic analysis; legal issues; web attacks; anonymity; wireless and networked devices; honeypots; botnets; scams; underground economy; attacker infrastructure; research pitfalls. ","-","Course is not repeatable for credit.","-","-","-","-"
"COMPSCI","262A","Electrical Engineering and Computer Sciences","Advanced Topics in Computer Systems","4","4","-","Graduate survey of systems for managing computation and information, covering a breadth of topics: early systems; volatile memory management, including virtual memory and buffer management; persistent memory systems, including both file systems and transactional storage managers; storage metadata, physical vs. logical naming, schemas, process scheduling, threading and concurrency control; system support for networking, including remote procedure calls, transactional RPC, TCP, and active messages; security infrastructure; extensible systems and APIs; performance analysis and engineering of large software systems. Homework assignments, exam, and term paper or project required.","-","Course is not repeatable for credit.","-","-","-","-"
"COMPSCI","262B","Electrical Engineering and Computer Sciences","Advanced Topics in Computer Systems","3","3","-","Continued graduate survey of large-scale systems for managing information and computation. Topics include basic performance measurement; extensibility, with attention to protection, security, and management of abstract data types; index structures, including support for concurrency and recovery; parallelism, including parallel architectures, query processing and scheduling; distributed data management, including distributed and mobile file systems and databases; distributed caching; large-scale data analysis and search. Homework assignments, exam, and term paper or project required. ","-","Course is not repeatable for credit.","-","-","-","-"
"COMPSCI","263","Electrical Engineering and Computer Sciences","Design of Programming Languages","3","3","-","Selected topics from: analysis, comparison, and design of programming languages, formal description of syntax and semantics, advanced programming techniques, structured programming, debugging, verification of programs and compilers, and proofs of correctness. ","-","Course is not repeatable for credit.","-","-","-","-"
"COMPSCI","264","Electrical Engineering and Computer Sciences","Implementation of Programming Languages","4","4","-","Compiler construction. Lexical analysis, syntax analysis. Semantic analysis code generation and optimization. Storage management. Run-time organization. ","-","Course is not repeatable for credit.","-","-","-","-"
"COMPSCI","265","Electrical Engineering and Computer Sciences","Compiler Optimization and Code Generation","3","3","-","Table-driven and retargetable code generators. Register management. Flow analysis and global optimization methods. Code optimization for advanced languages and architectures. Local code improvement. Optimization by program transformation. Selected additional topics. A term paper or project is required. ","-","Course is not repeatable for credit.","-","-","-","-"
"COMPSCI","268","Electrical Engineering and Computer Sciences","Computer Networks","3","3","-","Distributed systems, their notivations, applications, and organization. The network component. Network architectures. Local and long-haul networks, technologies, and topologies. Data link, network, and transport protocols. Point-to-point and broadcast networks. Routing and congestion control. Higher-level protocols. Naming. Internetworking. Examples and case studies. ","-","Course is not repeatable for credit.","-","-","-","-"
"COMPSCI","270","Electrical Engineering and Computer Sciences","Combinatorial Algorithms and Data Structures","3","3","-","Design and analysis of efficient algorithms for combinatorial problems. Network flow theory, matching theory, matroid theory; augmenting-path algorithms; branch-and-bound algorithms; data structure techniques for efficient implementation of combinatorial algorithms; analysis of data structures; applications of data structure techniques to sorting, searching, and geometric problems. ","-","Course is not repeatable for credit.","-","-","-","-"
"COMPSCI","271","Electrical Engineering and Computer Sciences","Randomness and Computation","3","3","-","Computational applications of randomness and computational theories of randomness. Approximate counting and uniform generation of combinatorial objects, rapid convergence of random walks on expander graphs, explicit construction of expander graphs, randomized reductions, Kolmogorov complexity, pseudo-random number generation, semi-random sources.","-","Course is not repeatable for credit.","-","-","-","-"
"COMPSCI","272","Electrical Engineering and Computer Sciences","Foundations of Decisions, Learning, and Games","4","4","-","This course introduces students to the mathematical foundation of learning in the presence of strategic and societal agency. This is a theory-oriented course that will draw from the statistical and computational foundations of machine learning, computer science, and economics. As a research-oriented course, a range of advanced topics will be explored to paint a comprehensive
picture of classical and modern approaches to learning for the purpose of decision making.These topics include foundations of learning, foundations of algorithmic game theory, cooperative and non-cooperative games, equilibria and dynamics, learning in games, information asymmetries, mechanism design, and learning with incentives. ","-","Course is not repeatable for credit.","-","-","-","-"
"COMPSCI","274","Electrical Engineering and Computer Sciences","Computational Geometry","3","3","-","<Formerly 292T>. Constructive problems in computational geometry: convex hulls, triangulations, Voronoi diagrams, arrangements of hyperplanes; relationships among these problems. Search problems: advanced data structures; subdivision search; various kinds of range searches. Models of computation; lower bounds. ","-","Course may be repeated for credit without restriction.","-","-","-","-"
"COMPSCI","276","Electrical Engineering and Computer Sciences","Cryptography","3","3","-","Graduate survey of modern topics on theory, foundations, and applications of modern cryptography. One-way functions; pseudorandomness; encryption; authentication; public-key cryptosystems; notions of security. May also cover zero-knowledge proofs, multi-party cryptographic protocols, practical applications, and/or other topics, as time permits. ","-","Course is not repeatable for credit.","-","-","-","-"
"COMPSCI","278","Electrical Engineering and Computer Sciences","Machine-Based Complexity Theory","3","3","-","Properties of abstract complexity measures; Determinism vs. nondeterminism; time vs. space; complexity hierarchies; aspects of the P-NP question; relative power of various abstract machines. ","-","Course is not repeatable for credit.","-","-","-","-"
"COMPSCI","280A","Electrical Engineering and Computer Sciences","Intro to Computer Vision and Computational Photography","4","4","-","This course introduces students to computing with visual data (images and video). We will cover acquisition, representation, and manipulation of visual information from digital photographs (image processing), image analysis and visual understanding (computer vision), and image synthesis (computational photography). Key algorithms will be presented, ranging from classical to contemporary, with an emphasis on using these techniques to build practical systems. The hands-on emphasis will be reflected in the programming assignments, where students will acquire their own images and develop, largely from  scratch, image analysis and synthesis tools for real-world applications.","-","Course is not repeatable for credit.","-","-","-","-"
"COMPSCI","282A","Electrical Engineering and Computer Sciences","Designing, Visualizing and Understanding Deep Neural Networks","4","4","-","Deep Networks have revolutionized computer vision, language technology, robotics and control. They have growing impact in many other areas of science and engineering. They do not however, follow a closed or compact set of theoretical principles. In Yann Lecun's words they require ""an interplay between intuitive insights, theoretical modeling, practical implementations, empirical studies, and scientific analyses."" This course attempts to cover that ground.
","-","Course is not repeatable for credit.","-","-","-","-"
"COMPSCI","284A","Electrical Engineering and Computer Sciences","Foundations of Computer Graphics","4","4","-","A broad introduction to the fundamentals of computer graphics. The main areas covered are modeling, rendering, animation and imaging. Topics include 2D and 3D transformations, drawing to raster displays, sampling, texturing, antialiasing, geometric modeling, ray tracing and global illumination, animation, cameras, image processing and computational imaging. There will be an emphasis on mathematical and geometric aspects of graphics, and the ability to write complete 3D graphics programs.","-","Course is not repeatable for credit.","-","-","-","-"
"COMPSCI","284B","Electrical Engineering and Computer Sciences","Advanced Computer Graphics Algorithms and Techniques","4","4","-","This course provides a graduate-level introduction to advanced computer graphics algorithms and techniques. Students should already be familiar with basic concepts such as transformations, scan-conversion, scene graphs, shading, and light transport. Topics covered in this course include global illumination, mesh processing, subdivision surfaces, basic differential geometry, physically based animation, inverse kinematics, imaging and computational photography, and precomputed light transport. ","-","Course is not repeatable for credit.","-","-","-","-"
"COMPSCI","284M","Electrical Engineering and Computer Sciences","Foundations of Computer Graphics","4","4","-","Techniques of modeling objects for the purpose of computer rendering: boundary representations, constructive solids geometry, hierarchical scene descriptions. Mathematical techniques for curve and surface representation. Basic elements of a computer graphics rendering pipeline; architecture of modern graphics display devices. Geometrical transformations such as rotation, scaling, translation, and their matrix representations. Homogeneous coordinates, projective and perspective transformations.","-","-","-","-","-","-"
"COMPSCI","285","Electrical Engineering and Computer Sciences","Deep Reinforcement Learning, Decision Making, and Control","3","3","-","Intersection of control, reinforcement learning, and deep learning. Deep learning methods, which train large parametric function approximators, achieve excellent results on problems that require reasoning about unstructured real-world situations (e.g., computer vision, speech recognition, NLP). Advanced treatment of the reinforcement learning formalism, the most critical model-free reinforcement learning algorithms (policy gradients, value function and Q-function learning, and actor-critic), a discussion of model-based reinforcement learning algorithms, an overview of imitation learning, and a range of advanced topics (e.g., exploration, model-based learning with video prediction, transfer learning, multi-task learning, and meta-learning).","-","Course is not repeatable for credit.","-","-","-","-"
"COMPSCI","286","Electrical Engineering and Computer Sciences","Implementation of Data Base Systems","3","3","-","Implementation of data base systems on modern hardware systems. Considerations concerning operating system design, including buffering, page size, prefetching, etc. Query processing algorithms, design of crash recovery and concurrency control systems. Implementation of distributed data bases and data base machines. ","-","Course is not repeatable for credit.","-","-","-","-"
"COMPSCI","287","Electrical Engineering and Computer Sciences","Advanced Robotics","3","3","-","Advanced topics related to current research in algorithms and artificial intelligence for robotics. Planning, control, and estimation for realistic robot systems, taking into account: dynamic constraints, control and sensing uncertainty, and non-holonomic motion constraints.","-","Course is not repeatable for credit.","-","-","-","-"
"COMPSCI","287H","Electrical Engineering and Computer Sciences","Algorithmic Human-Robot Interaction","4","4","-","As robot autonomy advances, it becomes more and more important to develop algorithms that are not solely functional, but also mindful of the end-user. How should the robot move differently when it's moving in the presence of a human? How should it learn from user feedback? How should it assist the user in accomplishing day to day tasks? These are the questions we will investigate in this course.
We will contrast existing algorithms in robotics with studies in human-robot interaction, discussing how to tackle interaction challenges in an algorithmic way, with the goal of enabling generalization across robots and tasks. We will also sharpen research skills: giving good talks, experimental design, statistical analysis, literature surveys.","-","Course is not repeatable for credit.","-","-","-","-"
"COMPSCI","288","Electrical Engineering and Computer Sciences","Advanced Natural Language Processing","4","4","-","This course provides a graduate-level introduction to Natural Language Processing (NLP). We will survey foundational approaches such as word representations and n-gram language models, followed by neural methods including recurrent networks and attention mechanisms, and then progress to modern Transformer-based architectures. In addition, the course will cover advanced topics in contemporary NLP, including retrieval-augmented models, mixture-of-experts architectures, AI agents, and memorization.","-","Course is not repeatable for credit.","-","-","-","-"
"COMPSCI","289A","Electrical Engineering and Computer Sciences","Introduction to Machine Learning","4","4","-","This course provides an introduction to theoretical foundations, algorithms, and methodologies for machine learning, emphasizing the role of probability and optimization and exploring a variety of real-world applications. Students are expected to have a solid foundation in calculus and linear algebra as well as exposure to the basic tools of logic and probability, and should be familiar with at least one modern, high-level programming language. ","-","Course is not repeatable for credit.","-","-","-","-"
"COMPSCI","294","Electrical Engineering and Computer Sciences","Special Topics","1","4","-","Topics will vary from semester to semester. See Computer Science Division announcements.","-","Course may be repeated for credit without restriction.","-","-","-","-"
"COMPSCI","297","Electrical Engineering and Computer Sciences","Field Studies in Computer Science","0","12","-","Supervised experience in off-campus companies relevant to specific aspects and applications of electrical engineering and/or computer science. Written report required at the end of the semester.","-","Course may be repeated for credit without restriction.","-","-","-","-"
"COMPSCI","298","Electrical Engineering and Computer Sciences","Group Studies Seminars, or Group Research","1","4","-","Advanced study in various subjects through seminars on topics to be selected each year, informal group studies of special problems, group participation in comprehensive design problems, or group research on complete problems for analysis and experimentation.","-","Course may be repeated for credit without restriction.","-","-","-","-"
"COMPSCI","299","Electrical Engineering and Computer Sciences","Individual Research","1","12","-","Investigations of problems in computer science.","-","Course may be repeated for credit without restriction.","-","-","-","-"
"COMPSCI","302","Electrical Engineering and Computer Sciences","Designing Computer Science Education","3","3","-","Discussion and review of research and practice relating to the teaching of computer science: knowledge organization and misconceptions, curriculum and topic organization, evaluation, collaborative learning, technology use, and administrative issues. As part of a semester-long project to design a computer science course, participants invent and refine a variety of homework and exam activities, and evaluate alternatives for textbooks, grading and other administrative policies, and innovative uses of technology. ","-","Course is not repeatable for credit.","-","-","-","-"
"COMPSCI","365","Electrical Engineering and Computer Sciences","Introduction to Instructional Methods in Computer Science for Academic Interns","2","4","-","This is a course for aspiring Academic Interns (AIs). It provides pedagogical training and guidance to students by introducing them to the Big Ideas of Teaching and Learning, and how to put them into practice. The course covers what makes a safe learning environment, how students learn, how to guide students toward mastery, and psychosocial factors that can negatively affect even the best students and best teachers. Class covers both theoretical and practical pedagogical aspects of teaching STEM subjects—specifically Computer Science. An integral feature of the course lies in the weekly AI experience that students perform to practice their teaching skills.","-","Course is not repeatable for credit.","-","-","-","-"
"COMPSCI","370","Electrical Engineering and Computer Sciences","Adaptive Instruction Methods in Computer Science","3","3","-","This is a course for aspiring teachers or those who want to instruct with expertise from evidence-based research and proven equity-oriented practices. It provides pedagogical training by introducing the big ideas of teaching and learning, and illustrating how to put them into practice. The course is divided into three sections—instructing the individual; a group; and psycho-social factors that affect learning at any level. These sections are designed to enhance any intern’s, tutor’s, or TA’s teaching skillset. Class is discussion based, and covers theoretical and practical pedagogical aspects to teaching in STEM. An integral feature of the course involves providing weekly tutoring sessions.","-","Course is not repeatable for credit.","-","-","-","-"
"COMPSCI","375","Electrical Engineering and Computer Sciences","Teaching Techniques for Computer Science","2","2","-","Discussion and practice of techniques for effective teaching, focusing on issues most relevant to teaching assistants in computer science courses. ","-","Course may be repeated for credit without restriction.","-","-","-","-"
"COMPSCI","399","Electrical Engineering and Computer Sciences","Professional Preparation: Supervised Teaching of Computer Science","1","2","-","Discussion, problem review and development, guidance of computer science laboratory sections, course development, supervised practice teaching.","-","Course may be repeated for credit without restriction.","-","-","-","-"
"COMPSCI","602","Electrical Engineering and Computer Sciences","Individual Study for Doctoral Students","1","8","-","Individual study in consultation with the major field adviser, intended to provide an opportunity for qualified students to prepare themselves for the various examinations required of candidates for the Ph.D. (and other doctoral degrees).","-","Course may be repeated for credit without restriction.","-","-","-","-"
"COMPSCI","C8","Electrical Engineering and Computer Sciences","Foundations of Data Science","4","4","-","Foundations of data science from three perspectives: inferential thinking, computational thinking, and real-world relevance. Given data arising from some real-world phenomenon, how does one analyze that data so as to understand that phenomenon? The course teaches critical concepts and skills in computer programming and statistical inference, in conjunction with hands-on analysis of real-world datasets, including economic data, document collections, geographical data, and social networks. It delves into social and legal issues surrounding data analysis, including issues of privacy and data ownership.","DATAC8 FOUNDATION DATA SCI, STATC8 FOUNDATION DATA SCI, INFOC8 FOUNDATION DATA SCI","Course is not repeatable for credit.","-","-","-","-"
"COMPSCI","C88C","Electrical Engineering and Computer Sciences","Computational Structures in Data Science","3","3","-","Development of Computer Science topics appearing in Foundations of Data Science (C8); expands computational concepts and techniques of abstraction. Understanding  the structures that underlie the programs, algorithms, and languages used in data science and elsewhere.   Mastery of a particular programming language while studying general techniques for managing program complexity, e.g., functional, object-oriented, and declarative programming. Provides practical experience with composing larger systems through several significant programming projects.","DATAC88C CS STRUCT DATA SCI","Course is not repeatable for credit.","-","-","-","-"
"COMPSCI","C100","Electrical Engineering and Computer Sciences","Principles & Techniques of Data Science","4","4","-","In this course, students will explore the data science lifecycle, including question formulation, data collection and cleaning, exploratory data analysis and visualization, statistical inference and prediction​, and decision-making.​ This class will focus on quantitative critical thinking​ and key principles and techniques needed to carry out this cycle. These include languages for transforming, querying and analyzing data; algorithms for machine learning methods including regression, classification and clustering; principles behind creating informative data visualizations; statistical concepts of measurement error and prediction; and techniques for scalable data processing.","STATC100 PRINC&TECH DATA SCI, DATAC100 PRINC&TECH DATA SCI","Course is not repeatable for credit.","-","-","-","-"
"COMPSCI","C176","Electrical Engineering and Computer Sciences","Algorithms for Computational Biology","4","4","-","This course will provide familiarity with algorithms and probabilistic models that arise in various computational biology applications, such as suffix trees, suffix arrays, pattern matching, repeat finding, sequence alignment, phylogenetics, hidden Markov models, gene finding, motif finding, linear/logistic regression, random forests, convolutional neural networks, genome-wide association studies, pathogenicity prediction, and sequence-to-epigenome prediction.","CMPBIOC176 ALGO FOR COMP BIO","Course is not repeatable for credit.","-","-","-","-"
"COMPSCI","C177","Electrical Engineering and Computer Sciences","Algorithmic Economics","4","4","-","The class provides an introduction to algorithmic questions in economic design. The class will cover problems of public goods and social choice, as well as allocative questions and private consumption. The focus is on normative questions: From the perspective of social goals, these are efficiency, fairness, and equity. In terms of private goals, the focus is on revenue maximization. The course will cover voting, fair division, pricing and market mechanisms. There is an emphasis on the algorithmic questions that arise naturally in economic design.","ECONC147 ALGORITHMIC ECON","Course is not repeatable for credit.","-","-","-","-"
"COMPSCI","C182","Electrical Engineering and Computer Sciences","Designing, Visualizing and Understanding Deep Neural Networks","4","4","-","Deep Networks have revolutionized computer vision, language technology, robotics and control. They have growing impact in many other areas of science and engineering. They do not however, follow a closed or compact set of theoretical principles. In Yann Lecun's words they require ""an interplay between intuitive insights, theoretical modeling, 
practical implementations, empirical studies, and scientific analyses."" This course attempts to cover that ground.","DATAC182 NEURAL NETWORKS","Course is not repeatable for credit.","-","-","-","-"
"COMPSCI","C187","Electrical Engineering and Computer Sciences","Data Engineering","4","4","-","This course will cover the principles and practices of managing data at scale, with a focus on use cases in data analysis and machine learning. We will cover the entire life cycle of data management and science, ranging from data preparation to exploration, visualization and analysis, to machine learning and collaboration, with a focus on ensuring reliable, scalable operationalization.
","DATAC101 DATA ENGINEERING","Course is not repeatable for credit.","-","-","-","-"
"COMPSCI","C191","Electrical Engineering and Computer Sciences","Introduction to Quantum Computing","4","4","-","This multidisciplinary course provides an introduction to fundamental conceptual aspects of quantum mechanics from a computational and informational theoretic perspective, as well as physical implementations and technological applications of quantum information science. Basic sections of quantum algorithms, complexity, and cryptography, will be touched upon, as well as pertinent physical realizations from nanoscale science and engineering. ","CHEMC191 INTRO QUANTUM COMP, PHYSICSC191 INTRO QUANTUM COMP","Course is not repeatable for credit.","-","-","-","-"
"COMPSCI","C200A","Electrical Engineering and Computer Sciences","Principles and Techniques of Data Science","4","4","-","Explores the data science lifecycle: question formulation, data collection and cleaning, exploratory, analysis, visualization, statistical inference, prediction, and decision-making. Focuses on quantitative critical thinking and key principles and techniques: languages for transforming, querying and analyzing data; algorithms for machine learning methods: regression, classification and clustering; principles of informative visualization; measurement error and prediction; and techniques for scalable data processing. Research term project.","STATC200C PRINC&TECH DATA SCI, DATAC200 PRINC&TECH DATA SCI","Course is not repeatable for credit.","-","-","-","-"
"COMPSCI","C249A","Electrical Engineering and Computer Sciences","Introduction to Embedded Systems","4","4","-","This course introduces students to the basics of models, analysis tools, and control for embedded systems operating in real time. Students learn how to combine physical processes with computation. Topics include models of computation, control, analysis and verification, interfacing with the physical world, mapping to platforms, and distributed embedded systems. The course has a strong laboratory component, with emphasis on a semester-long sequence of projects.","ELENGC249A INTRO EMBEDDED","Course is not repeatable for credit.","-","-","-","-"
"COMPSCI","C267","Electrical Engineering and Computer Sciences","Applications of Parallel Computers","3","4","-","Models for parallel programming.  Overview of parallelism in scientific applications and study of parallel algorithms for linear algebra, particles, meshes, sorting, FFT, graphs, machine learning, etc. Survey of parallel machines and machine structures. Programming shared- and distributed-memory parallel computers, GPUs, and cloud platforms. Parallel programming languages, compilers, libraries and toolboxes. Data partitioning techniques. Techniques for synchronization and load balancing. Detailed study and algorithm/program development of medium sized applications.","ENGINC233 APP OF PARALLEL COM","Course may be repeated for credit without restriction.","-","-","-","-"
"COMPSCI","C280","Electrical Engineering and Computer Sciences","Computer Vision","3","3","-","Paradigms for computational vision. Relation to human visual perception. Mathematical techniques for representing and reasoning, with curves, surfaces and volumes. Illumination and reflectance models. Color perception. Image segmentation and aggregation. Methods for bottom-up three dimensional shape recovery: Line drawing analysis, stereo, shading, motion, texture. Use of object models for prediction and recognition.","VISSCIC280 COMPUTER VISION","Course is not repeatable for credit.","-","-","-","-"
"COMPSCI","C281A","Electrical Engineering and Computer Sciences","Statistical Learning Theory","3","3","-","Classification regression, clustering, dimensionality, reduction, and density estimation. Mixture models, hierarchical models, factorial models, hidden Markov, and state space models, Markov properties, and recursive algorithms for general probabilistic inference nonparametric methods including decision trees, kernal methods, neural networks, and wavelets. Ensemble methods.","STATC241A STAT LEARN THEORY","Course is not repeatable for credit.","-","-","-","-"
"COMPSCI","C281B","Electrical Engineering and Computer Sciences","Advanced Topics in Learning and Decision Making","3","3","-","Recent topics include: Graphical models and approximate inference algorithms. Markov chain Monte Carlo, mean field and probability propagation methods. Model selection and stochastic realization. Bayesian information theoretic and structural risk minimization approaches. Markov decision processes and partially observable Markov decision processes. Reinforcement learning.","STATC241B ADV LEARN & DECISN","Course is not repeatable for credit.","-","-","-","-"
"COMPSCI","H195","Electrical Engineering and Computer Sciences","Honors Social Implications of Computer Technology","3","3","-","Topics include electronic community; the changing nature of work; technological risks; the information economy; intellectual property; privacy; artificial intelligence and the sense of self; pornography and censorship; professional ethics. Students may lead discussions on additional topics.","-","Course is not repeatable for credit.","-","-","-","-"
"COMPSCI","H196A","Electrical Engineering and Computer Sciences","Senior Honors Thesis Research","1","4","-","Thesis work under the supervision of a faculty member. To obtain credit the student must, at the end of two semesters, submit a satisfactory thesis to the Electrical Engineering and Computer Science department archive. A total of four units must be taken. The units many be distributed between one or two semesters in any way. H196A-H196B count as graded technical elective units, but may not be used to satisfy the requirement for 27 upper division technical units in the College of Computing, Data Science, and Society with a major in Computer Science.","-","Course is not repeatable for credit.","-","-","-","-"
"COMPSCI","H196B","Electrical Engineering and Computer Sciences","Senior Honors Thesis Research","1","4","-","Thesis work under the supervision of a faculty member. To obtain credit the student must, at the end of two semesters, submit a satisfactory thesis to the Electrical Engineering and Computer Science department archive. A total of four units must be taken. The units many be distributed between one or two semesters in any way. H196A-H196B count as graded technical elective units, but may not be used to satisfy the requirement for 27 upper division technical units in the College of Computing, Data Science, and Society  with a major in Computer Science.","-","Course is not repeatable for credit.","-","-","-","-"
"COMPSCI","W10","Electrical Engineering and Computer Sciences","The Beauty and Joy of Computing","4","4","-","This course meets the programming prerequisite for 61A. An introduction to the beauty and joy of computing. The history, social implications, great principles, and future of computing. Beautiful applications that have changed the world. How computing empowers discovery and progress in other fields. Relevance of computing to the student and society will be emphasized. Students will learn the joy of programming a computer using a friendly, graphical language, and will complete a substantial team programming project related to their interests. ","-","Course is not repeatable for credit.","-","-","-","-"